customer_id,customer_name,segment,region_code,market,country,signup_date
C-0001,Black Mesa Systems,Mid-Market,APAC,Southeast Asia,Singapore,2026-02-10
C-0002,Slate B.V.,SMB,APAC,Japan,Japan,2025-08-10
C-0003,Globex Labs,Enterprise,US,US West,United States,2025-12-18
C-0004,Meridian Holdings,SMB,EU,Southern Europe,France,2025-03-04
C-0005,Soylent Systems,Mid-Market,EU,DACH,Germany,2025-08-03
C-0006,Cybertron Networks,Mid-Market,EU,UK & Ireland,United Kingdom,2026-06-20
C-0007,Vandelay Analytics,SMB,EU,Southern Europe,France,2024-08-10
C-0008,Initech Health,Enterprise,EU,Southern Europe,France,2025-05-10
C-0009,Zenith S.r.l.,Enterprise,US,US West,United States,2025-08-20
C-0010,Aurora Pty Ltd,Enterprise,APAC,Southeast Asia,Singapore,2025-03-26
C-0011,Slate Networks,Mid-Market,EU,DACH,Germany,2025-05-03
C-0012,Meridian Pty Ltd,Enterprise,US,US East,United States,2025-10-26
C-0013,Umbra Holdings,Enterprise,EU,Southern Europe,France,2026-06-15
C-0014,Oscorp Labs,Mid-Market,US,US West,United States,2024-03-09
C-0015,Lumen Logistics 14,SMB,US,US East,United States,2024-08-30
C-0016,Vandelay Logistik GmbH,Mid-Market,APAC,Japan,Japan,2026-03-28
C-0017,Aperture SAS,Mid-Market,US,US Central,United States,2024-12-12
C-0018,Initech Logistik GmbH,SMB,EU,DACH,Germany,2025-12-26
C-0019,Massive Manufacturing,SMB,EU,UK & Ireland,United Kingdom,2025-03-03
C-0020,Acme Labs,Enterprise,APAC,ANZ,Australia,2024-08-16
C-0021,Vandelay Labs,Mid-Market,EU,DACH,Germany,2025-10-08
C-0022,Stark Financial,Mid-Market,APAC,Southeast Asia,Singapore,2024-02-01
C-0023,Black Mesa Retail,Enterprise,US,US East,United States,2025-03-10
C-0024,Tyrell Logistik GmbH,Mid-Market,EU,UK & Ireland,United Kingdom,2024-08-15
C-0025,Cyberdyne Retail,Enterprise,APAC,Japan,Japan,2024-01-17
C-0026,Meridian Analytics,SMB,EU,Southern Europe,France,2024-10-17
C-0027,Zenith Ltd,Mid-Market,US,US West,United States,2026-03-11
C-0028,Massive Pty Ltd,Mid-Market,APAC,Greater China,China,2024-04-16
C-0029,Northwind Energy,Mid-Market,US,US West,United States,2024-03-21
C-0030,Halcyon Group,Enterprise,US,US Central,United States,2025-09-06
C-0031,Kestrel B.V.,Enterprise,US,US Central,United States,2024-10-17
C-0032,Vandelay Energy,SMB,EU,Southern Europe,France,2024-05-13
C-0033,Hooli SAS,Mid-Market,EU,Benelux & Nordics,Netherlands,2024-10-30
C-0034,Cybertron Manufacturing,SMB,US,US East,United States,2025-07-19
C-0035,Soylent Networks,Mid-Market,APAC,Greater China,China,2025-08-01
C-0036,Slate Holdings,Enterprise,EU,DACH,Germany,2026-02-11
C-0037,Soylent Retail,SMB,APAC,ANZ,Australia,2026-03-23
C-0038,Aurora Media,SMB,US,US West,United States,2026-06-15
C-0039,Abstergo Group,Mid-Market,US,US West,United States,2025-11-20
C-0040,Wonka Media 39,Mid-Market,EU,Southern Europe,France,2025-01-01
C-0041,Slate Logistics,SMB,US,US Central,United States,2024-09-24
C-0042,Tyrell Ltd,Enterprise,APAC,ANZ,Australia,2025-06-10
C-0043,Cyberdyne Analytics,SMB,EU,Southern Europe,France,2025-01-25
C-0044,Cybertron B.V.,Enterprise,US,US West,United States,2025-11-14
C-0045,Cybertron Retail,SMB,US,US East,United States,2025-08-03
C-0046,Oscorp Media,Enterprise,APAC,Japan,Japan,2024-08-04
C-0047,Soylent Systems 46,SMB,EU,Benelux & Nordics,Netherlands,2026-03-13
C-0048,Northwind SAS,Mid-Market,EU,Southern Europe,France,2024-12-10
C-0049,Lumen Networks,Enterprise,EU,DACH,Germany,2026-06-24
C-0050,Tyrell SAS 49,Mid-Market,EU,Southern Europe,France,2025-02-20
C-0051,Lumen Logistik GmbH,Mid-Market,APAC,Japan,Japan,2024-05-15
C-0052,Globex Pty Ltd,SMB,EU,Benelux & Nordics,Netherlands,2024-12-05
C-0053,Halcyon Financial,Mid-Market,APAC,Japan,Japan,2024-09-07
C-0054,Hooli Financial,Mid-Market,EU,UK & Ireland,United Kingdom,2024-03-22
C-0055,Stark Logistik GmbH,Mid-Market,EU,UK & Ireland,United Kingdom,2025-08-18
C-0056,Halcyon SAS,SMB,US,US East,United States,2025-03-07
C-0057,Initech Pty Ltd,Mid-Market,EU,Southern Europe,France,2025-03-05
C-0058,Halcyon B.V.,SMB,US,US Central,United States,2026-03-12
C-0059,Lumen Systems 58,Mid-Market,EU,UK & Ireland,United Kingdom,2025-11-21
C-0060,Massive B.V.,Enterprise,EU,DACH,Germany,2024-07-10
C-0061,Tyrell Labs,Mid-Market,US,US Central,United States,2025-10-31
C-0062,Cybertron Financial,SMB,EU,UK & Ireland,United Kingdom,2025-03-31
C-0063,Acme Logistik GmbH,SMB,EU,UK & Ireland,United Kingdom,2025-03-04
C-0064,Vertex Group,SMB,EU,UK & Ireland,United Kingdom,2024-05-31
C-0065,Initech Financial,Mid-Market,EU,DACH,Germany,2024-09-14
C-0066,Zenith Pty Ltd,Mid-Market,EU,DACH,Germany,2025-12-22
C-0067,Vertex Ltd,Enterprise,EU,UK & Ireland,United Kingdom,2025-07-11
C-0068,Stark Ltd,Mid-Market,EU,UK & Ireland,United Kingdom,2024-10-06
C-0069,Wayne Energy,Enterprise,US,US East,United States,2026-03-01
C-0070,Abstergo Holdings,Enterprise,US,US West,United States,2025-04-12
C-0071,Soylent B.V.,Mid-Market,APAC,Greater China,China,2025-04-05
C-0072,Pied Piper Pty Ltd 71,Enterprise,APAC,ANZ,Australia,2024-08-12
C-0073,Vertex S.r.l.,SMB,EU,UK & Ireland,United Kingdom,2026-05-29
C-0074,Meridian Labs,Mid-Market,US,US West,United States,2025-03-28
C-0075,Halcyon Analytics,Mid-Market,EU,UK & Ireland,United Kingdom,2026-05-18
C-0076,Hooli Logistics,SMB,APAC,Southeast Asia,Singapore,2025-10-26
C-0077,Umbra Financial,SMB,EU,UK & Ireland,United Kingdom,2025-02-12
C-0078,Vandelay Financial,Mid-Market,EU,UK & Ireland,United Kingdom,2025-12-09
C-0079,Meridian Networks,Enterprise,EU,DACH,Germany,2024-06-10
C-0080,Abstergo Health,Mid-Market,EU,Benelux & Nordics,Netherlands,2025-07-30
C-0081,Cyberdyne Logistik GmbH,SMB,EU,Southern Europe,France,2024-10-03
C-0082,Kestrel Group,Mid-Market,EU,Southern Europe,France,2024-05-05
C-0083,Zenith Health,SMB,US,US Central,United States,2025-12-22
C-0084,Slate Logistik GmbH,Enterprise,US,US Central,United States,2026-04-16
C-0085,Vandelay Pty Ltd,SMB,US,US East,United States,2025-04-10
C-0086,Zenith Logistik GmbH 85,Enterprise,EU,UK & Ireland,United Kingdom,2025-09-20
C-0087,Aurora Holdings,SMB,US,US West,United States,2026-03-25
C-0088,Cyberdyne Energy 87,Mid-Market,EU,DACH,Germany,2026-04-16
C-0089,Lumen Energy,SMB,US,US West,United States,2024-03-07
C-0090,Vandelay Media,Enterprise,APAC,Southeast Asia,Singapore,2025-03-16
C-0091,Abstergo Logistics,Enterprise,EU,DACH,Germany,2025-08-10
C-0092,Oscorp Manufacturing,Mid-Market,EU,DACH,Germany,2026-05-16
C-0093,Halcyon Systems,SMB,US,US West,United States,2025-01-23
C-0094,Cybertron Logistik GmbH,Enterprise,EU,Benelux & Nordics,Netherlands,2025-05-06
C-0095,Vertex Retail,Mid-Market,US,US East,United States,2025-03-12
C-0096,Northwind Analytics,Enterprise,US,US East,United States,2025-06-29
C-0097,Aurora Logistics,SMB,APAC,ANZ,Australia,2026-01-07
C-0098,Pied Piper Retail,Enterprise,EU,DACH,Germany,2026-03-11
C-0099,Hooli Group,Enterprise,US,US East,United States,2025-09-24
C-0100,Slate Retail 99,Enterprise,EU,DACH,Germany,2024-02-16
C-0101,Cybertron Media,SMB,EU,UK & Ireland,United Kingdom,2025-12-13
C-0102,Tyrell Group 101,Mid-Market,US,US East,United States,2025-11-23
C-0103,Oscorp Group 102,SMB,US,US East,United States,2024-12-10
C-0104,Wonka S.r.l.,SMB,APAC,Japan,Japan,2025-10-25
C-0105,Northwind Industries,Enterprise,APAC,Greater China,China,2025-10-19
C-0106,Lumen Labs,Enterprise,US,US West,United States,2026-05-29
C-0107,Tyrell Logistics,Enterprise,US,US Central,United States,2025-04-03
C-0108,Wonka Networks,Enterprise,APAC,Greater China,China,2025-03-16
C-0109,Kestrel Labs,SMB,US,US East,United States,2025-06-30
C-0110,Slate Media,SMB,EU,DACH,Germany,2024-08-19
C-0111,Halcyon Logistics,Mid-Market,APAC,ANZ,Australia,2025-07-06
C-0112,Meridian Logistics,Enterprise,EU,UK & Ireland,United Kingdom,2024-01-30
C-0113,Abstergo Industries,Mid-Market,US,US East,United States,2025-07-23
C-0114,Slate Energy 113,Enterprise,US,US Central,United States,2025-09-05
C-0115,Umbra Analytics,Enterprise,US,US East,United States,2025-08-11
C-0116,Massive Energy,SMB,US,US East,United States,2025-03-09
C-0117,Initech Logistics,Enterprise,APAC,Southeast Asia,Singapore,2025-12-16
C-0118,Abstergo Networks,SMB,APAC,Japan,Japan,2025-05-13
C-0119,Tyrell Manufacturing,SMB,EU,DACH,Germany,2026-02-06
C-0120,Wonka Health,Mid-Market,EU,Benelux & Nordics,Netherlands,2025-07-31
C-0121,Wonka B.V.,Mid-Market,US,US East,United States,2025-08-02
C-0122,Pied Piper Industries 121,SMB,US,US West,United States,2026-03-18
C-0123,Meridian Media,Mid-Market,APAC,Japan,Japan,2024-07-30
C-0124,Soylent S.r.l.,SMB,US,US East,United States,2025-02-11
C-0125,Cyberdyne Media,Mid-Market,EU,DACH,Germany,2025-09-22
C-0126,Kestrel Financial,SMB,EU,UK & Ireland,United Kingdom,2024-04-23
C-0127,Oscorp Ltd 126,SMB,EU,UK & Ireland,United Kingdom,2025-04-12
C-0128,Northwind Holdings,Enterprise,EU,DACH,Germany,2026-05-18
C-0129,Umbra Networks,SMB,US,US Central,United States,2026-02-04
C-0130,Abstergo Analytics,Mid-Market,EU,Southern Europe,France,2025-03-09
C-0131,Meridian Retail,Enterprise,EU,DACH,Germany,2025-11-18
C-0132,Northwind Pty Ltd 131,SMB,US,US West,United States,2024-06-17
C-0133,Hooli Energy,Mid-Market,US,US West,United States,2024-01-19
C-0134,Acme Networks,SMB,EU,UK & Ireland,United Kingdom,2025-05-12
C-0135,Cybertron S.r.l.,Mid-Market,APAC,Southeast Asia,Singapore,2025-12-26
C-0136,Tyrell Networks,SMB,EU,UK & Ireland,United Kingdom,2024-01-14
C-0137,Black Mesa B.V.,SMB,EU,DACH,Germany,2025-07-06
C-0138,Pied Piper Group 137,SMB,EU,DACH,Germany,2024-04-27
C-0139,Wayne Logistics,Mid-Market,EU,UK & Ireland,United Kingdom,2024-03-29
C-0140,Cyberdyne Pty Ltd,Mid-Market,EU,Southern Europe,France,2025-09-08
C-0141,Lumen Group,Mid-Market,EU,Benelux & Nordics,Netherlands,2024-07-15
C-0142,Tyrell Financial,Enterprise,US,US East,United States,2024-01-21
C-0143,Globex Analytics,SMB,US,US Central,United States,2025-04-19
C-0144,Soylent Ltd,Enterprise,EU,Benelux & Nordics,Netherlands,2024-05-12
C-0145,Initech Industries 144,Enterprise,US,US East,United States,2025-10-25
C-0146,Aurora Industries,Mid-Market,US,US West,United States,2024-09-05
C-0147,Slate S.r.l.,Mid-Market,APAC,Greater China,China,2024-08-23
C-0148,Lumen Health,Enterprise,EU,Benelux & Nordics,Netherlands,2024-02-25
C-0149,Umbra Health,SMB,EU,Southern Europe,France,2025-12-23
C-0150,Initech Industries,Mid-Market,US,US Central,United States,2024-05-02
C-0151,Tyrell Health,Enterprise,EU,DACH,Germany,2024-02-16
C-0152,Hooli Pty Ltd,Mid-Market,EU,DACH,Germany,2025-07-11
C-0153,Oscorp Logistik GmbH,Enterprise,EU,DACH,Germany,2024-01-27
C-0154,Acme SAS,Enterprise,APAC,Southeast Asia,Singapore,2026-02-23
C-0155,Stark Holdings,Enterprise,US,US East,United States,2024-03-02
C-0156,Halcyon Labs,Enterprise,EU,Southern Europe,France,2026-06-19
C-0157,Wonka S.r.l. 156,SMB,US,US West,United States,2025-05-20
C-0158,Vertex Industries,Enterprise,US,US West,United States,2024-11-20
C-0159,Oscorp Holdings,SMB,EU,Southern Europe,France,2024-06-29
C-0160,Umbra Retail,SMB,APAC,ANZ,Australia,2026-04-22
C-0161,Vertex Systems,Enterprise,APAC,ANZ,Australia,2025-07-16
C-0162,Aurora Analytics,Enterprise,US,US West,United States,2025-04-16
C-0163,Wonka Analytics,Mid-Market,US,US East,United States,2026-05-28
C-0164,Vandelay Health,Enterprise,US,US West,United States,2026-01-02
C-0165,Initech S.r.l. 164,Enterprise,EU,Benelux & Nordics,Netherlands,2025-10-14
C-0166,Acme Retail,Mid-Market,EU,UK & Ireland,United Kingdom,2024-01-26
C-0167,Aperture Systems,SMB,EU,UK & Ireland,United Kingdom,2026-04-01
C-0168,Globex Logistik GmbH,SMB,US,US Central,United States,2026-03-13
C-0169,Halcyon Media,SMB,EU,Benelux & Nordics,Netherlands,2024-03-17
C-0170,Black Mesa Logistik GmbH,Enterprise,US,US Central,United States,2025-06-17
C-0171,Wayne Media,SMB,EU,Southern Europe,France,2025-09-12
C-0172,Pied Piper Ltd,SMB,EU,DACH,Germany,2025-05-24
C-0173,Slate Pty Ltd,Mid-Market,EU,DACH,Germany,2026-06-28
C-0174,Halcyon Energy,SMB,APAC,Southeast Asia,Singapore,2025-11-04
C-0175,Black Mesa Financial,SMB,EU,UK & Ireland,United Kingdom,2024-05-22
C-0176,Tyrell Industries,Mid-Market,APAC,Greater China,China,2025-03-16
C-0177,Slate Industries,Mid-Market,APAC,Japan,Japan,2026-04-01
C-0178,Northwind Networks,Mid-Market,EU,DACH,Germany,2026-01-13
C-0179,Zenith Media,Mid-Market,EU,DACH,Germany,2024-10-04
C-0180,Aperture Financial,Enterprise,EU,UK & Ireland,United Kingdom,2025-01-08
C-0181,Acme Logistics,Enterprise,US,US East,United States,2025-12-05
C-0182,Globex Systems,Enterprise,EU,UK & Ireland,United Kingdom,2026-05-15
C-0183,Tyrell Holdings 182,Mid-Market,US,US East,United States,2025-05-15
C-0184,Zenith Group,SMB,US,US West,United States,2025-07-26
C-0185,Aperture Logistics,Mid-Market,APAC,ANZ,Australia,2025-07-10
C-0186,Cyberdyne Group,SMB,APAC,ANZ,Australia,2025-08-02
C-0187,Acme Analytics,Mid-Market,EU,Benelux & Nordics,Netherlands,2025-08-05
C-0188,Pied Piper Health 187,Mid-Market,US,US East,United States,2026-02-14
C-0189,Kestrel Networks,Mid-Market,APAC,ANZ,Australia,2025-12-19
C-0190,Zenith Manufacturing,Enterprise,EU,Benelux & Nordics,Netherlands,2024-05-12
C-0191,Globex Energy 190,Enterprise,US,US East,United States,2024-12-10
C-0192,Halcyon Pty Ltd,Enterprise,APAC,Japan,Japan,2024-10-23
C-0193,Initech Retail,Enterprise,US,US West,United States,2024-11-02
C-0194,Initech B.V. 193,Mid-Market,US,US West,United States,2024-02-08
C-0195,Massive Media 194,Mid-Market,APAC,Southeast Asia,Singapore,2024-12-16
C-0196,Vertex Labs,Mid-Market,APAC,Japan,Japan,2025-06-15
C-0197,Kestrel Media,Enterprise,EU,Southern Europe,France,2026-03-18
C-0198,Aurora Ltd,Enterprise,EU,Southern Europe,France,2025-01-05
C-0199,Lumen Manufacturing,Mid-Market,APAC,ANZ,Australia,2024-11-08
C-0200,Aurora Financial,Enterprise,EU,UK & Ireland,United Kingdom,2026-06-18
C-0201,Cyberdyne S.r.l.,Mid-Market,APAC,Greater China,China,2025-03-17
C-0202,Pied Piper Health,Mid-Market,EU,UK & Ireland,United Kingdom,2026-01-05
C-0203,Stark Industries,Mid-Market,APAC,Japan,Japan,2026-04-22
C-0204,Vertex Logistik GmbH,SMB,US,US Central,United States,2025-08-31
C-0205,Initech Logistik GmbH 204,Mid-Market,US,US East,United States,2024-06-19
C-0206,Kestrel Logistics,Mid-Market,APAC,Japan,Japan,2024-09-06
C-0207,Acme Financial,SMB,APAC,Japan,Japan,2024-01-12
C-0208,Slate Group 207,Enterprise,US,US East,United States,2025-07-10
C-0209,Northwind Group 208,SMB,EU,UK & Ireland,United Kingdom,2025-04-20
C-0210,Kestrel Logistics 209,Enterprise,EU,Southern Europe,France,2024-08-06
C-0211,Vertex Manufacturing,Enterprise,EU,UK & Ireland,United Kingdom,2025-04-18
C-0212,Massive Systems,Mid-Market,APAC,ANZ,Australia,2024-12-01
C-0213,Lumen Networks 212,Mid-Market,APAC,Southeast Asia,Singapore,2025-03-22
C-0214,Stark Holdings 213,Enterprise,US,US West,United States,2024-07-05
C-0215,Stark Health,Enterprise,APAC,Japan,Japan,2024-07-17
C-0216,Umbra Systems,SMB,APAC,Japan,Japan,2025-09-25
C-0217,Soylent Financial,Enterprise,EU,UK & Ireland,United Kingdom,2025-07-25
C-0218,Oscorp Analytics,SMB,EU,DACH,Germany,2026-02-06
C-0219,Oscorp Systems,Mid-Market,EU,Benelux & Nordics,Netherlands,2024-10-11
C-0220,Cyberdyne Logistics,Enterprise,EU,UK & Ireland,United Kingdom,2025-02-12
C-0221,Wonka B.V. 220,Enterprise,APAC,ANZ,Australia,2026-02-15
C-0222,Cyberdyne Holdings,Enterprise,US,US Central,United States,2025-06-24
C-0223,Kestrel SAS,Enterprise,EU,DACH,Germany,2024-06-07
C-0224,Abstergo S.r.l.,Mid-Market,US,US West,United States,2024-01-31
C-0225,Hooli Retail,Enterprise,US,US East,United States,2025-03-24
C-0226,Northwind Health 225,Mid-Market,EU,UK & Ireland,United Kingdom,2025-05-14
C-0227,Oscorp S.r.l.,Enterprise,US,US East,United States,2025-06-06
C-0228,Abstergo Financial,SMB,APAC,Japan,Japan,2026-05-22
C-0229,Meridian Financial 228,SMB,US,US West,United States,2024-05-01
C-0230,Lumen Systems,SMB,US,US East,United States,2025-11-17
C-0231,Wonka Pty Ltd,SMB,US,US West,United States,2026-01-05
C-0232,Slate Retail 231,Mid-Market,EU,Southern Europe,France,2025-02-28
C-0233,Abstergo Manufacturing,Enterprise,EU,DACH,Germany,2026-03-06
C-0234,Abstergo Industries 233,Mid-Market,APAC,Japan,Japan,2025-12-23
C-0235,Abstergo Logistics 234,Mid-Market,EU,Southern Europe,France,2025-09-02
C-0236,Wayne SAS,Mid-Market,US,US East,United States,2024-06-15
C-0237,Stark SAS,Mid-Market,US,US Central,United States,2024-06-14
C-0238,Soylent Financial 237,Mid-Market,EU,DACH,Germany,2024-01-09
C-0239,Oscorp Industries,Mid-Market,EU,DACH,Germany,2025-05-06
C-0240,Soylent Energy,Mid-Market,US,US West,United States,2026-02-27
C-0241,Vandelay Retail,Mid-Market,EU,UK & Ireland,United Kingdom,2026-05-27
C-0242,Acme Industries 241,Enterprise,APAC,Japan,Japan,2025-02-20
C-0243,Halcyon Labs 242,SMB,EU,DACH,Germany,2026-03-21
C-0244,Vertex Holdings,Mid-Market,APAC,Japan,Japan,2026-05-02
C-0245,Abstergo Labs 244,Mid-Market,US,US East,United States,2025-06-29
C-0246,Vandelay Logistics,Mid-Market,US,US East,United States,2026-04-04
C-0247,Zenith Analytics,Mid-Market,EU,Benelux & Nordics,Netherlands,2026-03-22
C-0248,Stark B.V. 247,Enterprise,US,US Central,United States,2025-11-12
C-0249,Soylent Holdings,SMB,EU,DACH,Germany,2024-07-23
C-0250,Abstergo Retail,SMB,EU,Benelux & Nordics,Netherlands,2024-10-29
C-0251,Umbra Retail 250,SMB,APAC,Japan,Japan,2025-12-29
C-0252,Cyberdyne Pty Ltd 251,Mid-Market,EU,Southern Europe,France,2024-06-03
C-0253,Soylent Manufacturing,Enterprise,APAC,Greater China,China,2026-05-04
C-0254,Cybertron Pty Ltd 253,Mid-Market,EU,DACH,Germany,2025-02-11
C-0255,Oscorp Logistics,Enterprise,EU,UK & Ireland,United Kingdom,2024-10-26
C-0256,Globex Financial,SMB,US,US Central,United States,2024-04-24
C-0257,Cybertron Group 256,Enterprise,US,US East,United States,2026-01-15
C-0258,Meridian Manufacturing,Enterprise,EU,UK & Ireland,United Kingdom,2024-03-21
C-0259,Wonka Group 258,SMB,EU,Southern Europe,France,2024-09-19
C-0260,Zenith Industries 259,Mid-Market,APAC,ANZ,Australia,2025-06-07
C-0261,Massive Analytics,Mid-Market,EU,DACH,Germany,2026-06-03
C-0262,Tyrell SAS,SMB,EU,DACH,Germany,2026-02-22
C-0263,Cyberdyne Labs 262,SMB,EU,Southern Europe,France,2026-01-06
C-0264,Kestrel Pty Ltd,Enterprise,APAC,Greater China,China,2025-07-27
C-0265,Meridian Financial,Mid-Market,US,US Central,United States,2024-10-07
C-0266,Pied Piper Industries 265,Mid-Market,US,US West,United States,2024-03-12
C-0267,Initech Group,Mid-Market,US,US East,United States,2024-11-18
C-0268,Zenith Group 267,SMB,EU,UK & Ireland,United Kingdom,2024-07-12
C-0269,Globex Manufacturing,Enterprise,EU,UK & Ireland,United Kingdom,2025-09-11
C-0270,Soylent SAS,Enterprise,APAC,Japan,Japan,2025-12-29
C-0271,Tyrell Retail,Enterprise,EU,DACH,Germany,2025-08-25
C-0272,Acme Labs 271,Mid-Market,EU,UK & Ireland,United Kingdom,2024-03-09
C-0273,Wayne Analytics,SMB,EU,DACH,Germany,2025-12-24
C-0274,Zenith B.V.,Mid-Market,US,US East,United States,2024-08-20
C-0275,Pied Piper Media,Enterprise,EU,UK & Ireland,United Kingdom,2024-05-06
C-0276,Abstergo B.V. 275,SMB,US,US East,United States,2026-01-10
C-0277,Slate Industries 276,Mid-Market,EU,UK & Ireland,United Kingdom,2024-01-14
C-0278,Oscorp Energy 277,Mid-Market,EU,Southern Europe,France,2025-03-13
C-0279,Wayne Retail,Enterprise,US,US East,United States,2025-07-01
C-0280,Globex SAS,Mid-Market,US,US East,United States,2026-03-05
C-0281,Pied Piper Networks,Mid-Market,US,US Central,United States,2024-01-09
C-0282,Meridian Health,SMB,APAC,Southeast Asia,Singapore,2025-01-31
C-0283,Black Mesa Networks,Enterprise,APAC,Southeast Asia,Singapore,2024-08-31
C-0284,Stark Logistik GmbH 283,Enterprise,EU,Southern Europe,France,2024-05-10
C-0285,Massive Logistik GmbH,Mid-Market,US,US West,United States,2024-10-12
C-0286,Abstergo Systems 285,Mid-Market,US,US East,United States,2025-04-11
C-0287,Aurora Labs,Mid-Market,US,US East,United States,2024-02-07
C-0288,Tyrell Pty Ltd 287,Enterprise,EU,DACH,Germany,2025-02-05
C-0289,Lumen S.r.l. 288,Mid-Market,US,US West,United States,2024-03-02
C-0290,Black Mesa SAS,Mid-Market,EU,Southern Europe,France,2025-08-23
C-0291,Wonka SAS,Mid-Market,EU,UK & Ireland,United Kingdom,2025-06-10
C-0292,Cyberdyne Systems,Enterprise,APAC,Japan,Japan,2025-05-30
C-0293,Aperture Pty Ltd,Enterprise,EU,Southern Europe,France,2025-12-12
C-0294,Soylent Logistics,Mid-Market,EU,Southern Europe,France,2025-06-04
C-0295,Halcyon Logistik GmbH,Mid-Market,US,US East,United States,2025-03-22
C-0296,Stark Energy,SMB,EU,Southern Europe,France,2026-02-06
C-0297,Tyrell Group 296,Enterprise,US,US West,United States,2026-04-01
C-0298,Tyrell Energy,Enterprise,APAC,Japan,Japan,2026-06-13
C-0299,Cybertron Logistics,Mid-Market,EU,Southern Europe,France,2026-03-18
C-0300,Hooli Manufacturing,SMB,US,US West,United States,2026-06-09
C-0301,Globex Networks 300,SMB,US,US Central,United States,2025-09-19
C-0302,Black Mesa Manufacturing,Enterprise,APAC,Southeast Asia,Singapore,2026-03-03
C-0303,Aperture Logistik GmbH,Mid-Market,US,US East,United States,2026-04-16
C-0304,Northwind Ltd,Mid-Market,APAC,Southeast Asia,Singapore,2025-07-07
C-0305,Kestrel Analytics,Mid-Market,EU,UK & Ireland,United Kingdom,2025-06-25
C-0306,Umbra Logistics,Mid-Market,APAC,Japan,Japan,2025-09-19
C-0307,Abstergo Labs,Enterprise,US,US West,United States,2026-06-07
C-0308,Kestrel Media 307,Enterprise,APAC,Japan,Japan,2026-03-06
C-0309,Slate Analytics,Mid-Market,EU,UK & Ireland,United Kingdom,2025-04-14
C-0310,Cybertron SAS,Mid-Market,US,US Central,United States,2025-08-24
C-0311,Stark Health 310,Enterprise,EU,DACH,Germany,2024-12-28
C-0312,Meridian Networks 311,Mid-Market,US,US West,United States,2025-04-08
C-0313,Acme SAS 312,Enterprise,US,US East,United States,2026-05-13
C-0314,Vandelay Media 313,SMB,EU,DACH,Germany,2025-06-01
C-0315,Lumen SAS,SMB,APAC,Japan,Japan,2026-03-14
C-0316,Vertex Financial 315,Enterprise,US,US East,United States,2025-03-06
C-0317,Zenith Logistik GmbH,Mid-Market,US,US East,United States,2025-10-21
C-0318,Zenith Analytics 317,SMB,US,US East,United States,2025-08-20
C-0319,Globex Energy,SMB,APAC,Japan,Japan,2024-07-20
C-0320,Lumen Analytics,Mid-Market,US,US East,United States,2025-10-01
C-0321,Halcyon S.r.l.,Enterprise,EU,DACH,Germany,2026-03-05
C-0322,Aperture Retail 321,Enterprise,US,US Central,United States,2024-08-04
C-0323,Aurora S.r.l.,Mid-Market,APAC,Southeast Asia,Singapore,2025-05-10
C-0324,Abstergo Industries 323,Mid-Market,US,US Central,United States,2024-03-27
C-0325,Lumen Systems 324,Mid-Market,US,US East,United States,2024-06-01
C-0326,Slate Energy 325,Mid-Market,EU,Benelux & Nordics,Netherlands,2024-08-17
C-0327,Aperture Networks 326,Mid-Market,EU,Benelux & Nordics,Netherlands,2025-07-18
C-0328,Wonka Holdings 327,Enterprise,US,US Central,United States,2024-09-12
C-0329,Massive Retail,Enterprise,EU,Benelux & Nordics,Netherlands,2026-04-04
C-0330,Oscorp Pty Ltd,Mid-Market,US,US West,United States,2025-07-12
C-0331,Slate Retail,Mid-Market,EU,Benelux & Nordics,Netherlands,2026-02-11
C-0332,Pied Piper Industries 331,Mid-Market,EU,Benelux & Nordics,Netherlands,2024-02-02
C-0333,Stark Pty Ltd,Mid-Market,EU,DACH,Germany,2026-01-21
C-0334,Wayne Financial,Mid-Market,APAC,Japan,Japan,2025-08-23
C-0335,Meridian Energy,Enterprise,US,US West,United States,2024-11-04
C-0336,Tyrell S.r.l.,Enterprise,EU,Benelux & Nordics,Netherlands,2024-05-06
C-0337,Halcyon Industries,Enterprise,US,US East,United States,2025-06-06
C-0338,Soylent Industries 337,Enterprise,EU,UK & Ireland,United Kingdom,2025-04-26
C-0339,Soylent Media,SMB,EU,DACH,Germany,2025-10-22
C-0340,Aurora Health,Enterprise,EU,DACH,Germany,2024-08-06
C-0341,Massive Health 340,Mid-Market,EU,UK & Ireland,United Kingdom,2025-06-16
C-0342,Pied Piper S.r.l.,Mid-Market,APAC,Japan,Japan,2026-03-30
C-0343,Initech Industries 342,Mid-Market,US,US West,United States,2024-12-25
C-0344,Black Mesa Ltd 343,Mid-Market,EU,UK & Ireland,United Kingdom,2025-07-19
C-0345,Pied Piper Labs,Enterprise,EU,UK & Ireland,United Kingdom,2024-07-09
C-0346,Cybertron Manufacturing 345,Enterprise,EU,DACH,Germany,2026-02-24
C-0347,Hooli Media,Enterprise,US,US East,United States,2024-12-24
C-0348,Acme Ltd 347,Mid-Market,EU,UK & Ireland,United Kingdom,2024-02-06
C-0349,Zenith Industries 348,Enterprise,APAC,Greater China,China,2025-09-14
C-0350,Tyrell Networks 349,Enterprise,EU,Benelux & Nordics,Netherlands,2024-02-21
C-0351,Acme Pty Ltd,SMB,EU,UK & Ireland,United Kingdom,2025-11-19
C-0352,Abstergo Energy,Mid-Market,US,US West,United States,2024-11-09
C-0353,Meridian B.V. 352,Enterprise,APAC,Japan,Japan,2025-07-03
C-0354,Aperture Media 353,SMB,APAC,Japan,Japan,2026-02-28
C-0355,Lumen B.V.,Enterprise,APAC,Southeast Asia,Singapore,2025-03-19
C-0356,Initech SAS,Enterprise,US,US West,United States,2025-05-06
C-0357,Hooli B.V.,SMB,APAC,ANZ,Australia,2025-11-24
C-0358,Stark Manufacturing,Enterprise,EU,UK & Ireland,United Kingdom,2025-07-10
C-0359,Wonka Holdings,SMB,EU,DACH,Germany,2024-05-29
C-0360,Vertex Media,SMB,EU,DACH,Germany,2024-10-18
C-0361,Vandelay Holdings,Mid-Market,US,US East,United States,2025-06-07
C-0362,Pied Piper Logistik GmbH,Mid-Market,US,US East,United States,2026-02-19
C-0363,Vertex Pty Ltd 362,SMB,EU,DACH,Germany,2025-08-30
C-0364,Soylent Group,Mid-Market,EU,DACH,Germany,2024-01-28
C-0365,Wayne S.r.l.,SMB,APAC,ANZ,Australia,2024-03-14
C-0366,Aperture Media 365,SMB,US,US West,United States,2024-06-21
C-0367,Vertex Logistics,Enterprise,APAC,Southeast Asia,Singapore,2024-05-27
C-0368,Wayne Manufacturing,SMB,EU,DACH,Germany,2024-11-23
C-0369,Abstergo Logistik GmbH,Mid-Market,EU,Southern Europe,France,2025-03-17
C-0370,Halcyon Group 369,Enterprise,EU,UK & Ireland,United Kingdom,2024-11-06
C-0371,Vandelay Systems 370,Mid-Market,EU,Benelux & Nordics,Netherlands,2024-12-31
C-0372,Halcyon Retail 371,Enterprise,US,US East,United States,2025-09-24
C-0373,Kestrel Group 372,Mid-Market,US,US West,United States,2024-06-08
C-0374,Tyrell Analytics,SMB,APAC,ANZ,Australia,2025-01-21
C-0375,Oscorp Networks,Mid-Market,US,US Central,United States,2024-02-19
C-0376,Black Mesa Energy,SMB,EU,DACH,Germany,2025-10-05
C-0377,Northwind Manufacturing,SMB,EU,DACH,Germany,2025-10-02
C-0378,Aperture Energy,Mid-Market,EU,Benelux & Nordics,Netherlands,2024-08-11
C-0379,Northwind Financial,SMB,APAC,Greater China,China,2024-03-27
C-0380,Umbra Labs 379,Mid-Market,US,US West,United States,2025-05-03
C-0381,Abstergo Media,Mid-Market,EU,DACH,Germany,2024-09-17
C-0382,Pied Piper Media 381,Mid-Market,EU,DACH,Germany,2024-03-29
C-0383,Aperture Ltd,SMB,EU,DACH,Germany,2025-05-31
C-0384,Vandelay SAS 383,Enterprise,US,US West,United States,2024-12-17
C-0385,Kestrel Networks 384,Mid-Market,US,US West,United States,2025-02-14
C-0386,Wonka Logistics,Mid-Market,US,US East,United States,2024-11-11
C-0387,Northwind Pty Ltd,Enterprise,US,US Central,United States,2024-01-08
C-0388,Initech Holdings,Mid-Market,US,US East,United States,2025-12-01
C-0389,Kestrel Systems,Enterprise,EU,DACH,Germany,2024-01-21
C-0390,Cybertron Health,SMB,EU,Benelux & Nordics,Netherlands,2025-12-25
C-0391,Soylent Systems 390,SMB,EU,DACH,Germany,2025-09-03
C-0392,Cybertron Industries,SMB,EU,Southern Europe,France,2024-05-05
C-0393,Initech Analytics,SMB,EU,Southern Europe,France,2024-08-19
C-0394,Initech B.V.,Mid-Market,EU,DACH,Germany,2024-12-24
C-0395,Wayne Industries 394,Mid-Market,US,US West,United States,2024-05-11
C-0396,Meridian S.r.l. 395,Mid-Market,EU,DACH,Germany,2025-04-19
C-0397,Tyrell Labs 396,Mid-Market,US,US East,United States,2024-05-16
C-0398,Soylent Labs,SMB,EU,DACH,Germany,2024-04-21
C-0399,Oscorp Energy 398,SMB,EU,DACH,Germany,2025-08-10
C-0400,Halcyon Health,Mid-Market,EU,UK & Ireland,United Kingdom,2026-01-29
C-0401,Wayne Holdings,Enterprise,US,US East,United States,2025-10-24
C-0402,Acme B.V. 401,Mid-Market,APAC,Greater China,China,2024-04-17
C-0403,Vandelay Financial 402,Enterprise,EU,DACH,Germany,2025-02-16
C-0404,Meridian Group,Mid-Market,US,US Central,United States,2026-05-01
C-0405,Lumen Pty Ltd,SMB,EU,DACH,Germany,2025-11-20
C-0406,Umbra Group,Mid-Market,EU,Southern Europe,France,2026-03-29
C-0407,Hooli Financial 406,Mid-Market,EU,UK & Ireland,United Kingdom,2024-05-15
C-0408,Massive Systems 407,Mid-Market,US,US East,United States,2025-04-29
C-0409,Stark Systems,Mid-Market,US,US East,United States,2026-03-09
C-0410,Slate Manufacturing,Mid-Market,EU,DACH,Germany,2024-12-04
C-0411,Initech Labs,Mid-Market,EU,UK & Ireland,United Kingdom,2026-03-14
C-0412,Acme Industries,SMB,US,US East,United States,2026-03-29
C-0413,Vandelay Holdings 412,SMB,US,US West,United States,2026-06-13
C-0414,Soylent Health,Mid-Market,EU,Benelux & Nordics,Netherlands,2026-03-01
C-0415,Globex Holdings,Mid-Market,EU,Benelux & Nordics,Netherlands,2026-01-01
C-0416,Stark Labs,Enterprise,EU,Benelux & Nordics,Netherlands,2025-05-16
C-0417,Massive Health,Mid-Market,US,US West,United States,2026-03-09
C-0418,Aurora SAS,Mid-Market,US,US West,United States,2026-01-28
C-0419,Initech Logistics 418,Mid-Market,EU,UK & Ireland,United Kingdom,2025-12-22
C-0420,Initech Analytics 419,SMB,APAC,Greater China,China,2026-05-12
C-0421,Meridian Logistik GmbH 420,Enterprise,EU,Southern Europe,France,2024-07-27
C-0422,Soylent Industries 421,Mid-Market,EU,DACH,Germany,2026-03-17
C-0423,Lumen Logistics,SMB,US,US East,United States,2025-01-21
C-0424,Tyrell Logistik GmbH 423,Mid-Market,EU,Benelux & Nordics,Netherlands,2024-10-03
C-0425,Northwind S.r.l. 424,SMB,EU,Benelux & Nordics,Netherlands,2025-12-22
C-0426,Abstergo Pty Ltd,SMB,EU,Southern Europe,France,2025-05-15
C-0427,Aperture S.r.l. 426,Mid-Market,EU,DACH,Germany,2025-11-26
C-0428,Tyrell Financial 427,Mid-Market,US,US East,United States,2025-05-05
C-0429,Umbra B.V. 428,Mid-Market,APAC,Japan,Japan,2026-06-15
C-0430,Northwind Retail 429,SMB,EU,UK & Ireland,United Kingdom,2024-03-03
C-0431,Oscorp SAS,Mid-Market,EU,DACH,Germany,2026-03-15
C-0432,Vandelay Financial 431,Mid-Market,APAC,ANZ,Australia,2024-09-10
C-0433,Hooli Systems,SMB,US,US Central,United States,2025-04-11
C-0434,Cyberdyne Financial 433,Enterprise,EU,DACH,Germany,2025-05-05
C-0435,Massive Group 434,Mid-Market,APAC,Japan,Japan,2026-03-21
C-0436,Initech SAS 435,Mid-Market,APAC,ANZ,Australia,2025-10-20
C-0437,Northwind Labs,Enterprise,US,US West,United States,2024-02-26
C-0438,Acme B.V.,Mid-Market,APAC,Southeast Asia,Singapore,2024-06-16
C-0439,Kestrel Ltd 438,Mid-Market,US,US West,United States,2026-04-30
C-0440,Aperture B.V. 439,Mid-Market,EU,UK & Ireland,United Kingdom,2025-04-27
C-0441,Meridian Logistik GmbH,SMB,US,US East,United States,2026-06-03
C-0442,Slate Systems,SMB,APAC,Japan,Japan,2026-03-08
C-0443,Vandelay B.V. 442,Mid-Market,US,US West,United States,2025-11-17
C-0444,Aurora Holdings 443,SMB,EU,DACH,Germany,2025-10-04
C-0445,Halcyon Financial 444,Enterprise,EU,DACH,Germany,2024-05-19
C-0446,Black Mesa S.r.l. 445,SMB,EU,Southern Europe,France,2025-03-14
C-0447,Initech Systems,Enterprise,US,US East,United States,2026-05-17
C-0448,Lumen Analytics 447,Enterprise,EU,UK & Ireland,United Kingdom,2024-11-06
C-0449,Wayne Labs 448,SMB,APAC,Southeast Asia,Singapore,2026-04-09
C-0450,Cyberdyne Energy,Enterprise,US,US East,United States,2024-03-01
C-0451,Kestrel Energy,Mid-Market,EU,UK & Ireland,United Kingdom,2025-10-04
C-0452,Acme Pty Ltd 451,Mid-Market,APAC,Southeast Asia,Singapore,2025-03-13
C-0453,Meridian Pty Ltd 452,Mid-Market,US,US West,United States,2026-05-31
C-0454,Umbra SAS,Mid-Market,EU,DACH,Germany,2025-03-07
C-0455,Zenith Systems,SMB,US,US West,United States,2025-07-18
C-0456,Tyrell Pty Ltd,Mid-Market,EU,Southern Europe,France,2024-01-27
C-0457,Aperture Retail,Mid-Market,US,US West,United States,2025-11-11
C-0458,Stark Logistics,Mid-Market,EU,Benelux & Nordics,Netherlands,2024-01-12
C-0459,Meridian Ltd,SMB,EU,UK & Ireland,United Kingdom,2025-07-08
C-0460,Vandelay S.r.l.,Mid-Market,APAC,Southeast Asia,Singapore,2026-01-15
C-0461,Aurora Financial 460,Enterprise,EU,Benelux & Nordics,Netherlands,2025-03-30
C-0462,Massive Logistics 461,SMB,EU,Benelux & Nordics,Netherlands,2025-01-26
C-0463,Pied Piper B.V. 462,Enterprise,EU,UK & Ireland,United Kingdom,2026-03-01
C-0464,Aurora B.V.,Mid-Market,US,US East,United States,2025-07-24
C-0465,Soylent Media 464,Enterprise,EU,DACH,Germany,2025-12-31
C-0466,Aurora Retail 465,Mid-Market,US,US East,United States,2024-05-31
C-0467,Aurora Manufacturing,SMB,US,US Central,United States,2025-10-15
C-0468,Halcyon Holdings,Enterprise,EU,Southern Europe,France,2025-09-25
C-0469,Meridian Analytics 468,SMB,EU,UK & Ireland,United Kingdom,2025-11-09
C-0470,Pied Piper Analytics 469,Mid-Market,EU,UK & Ireland,United Kingdom,2026-01-03
C-0471,Aperture Labs,Mid-Market,US,US East,United States,2024-09-16
C-0472,Meridian Systems 471,SMB,EU,Southern Europe,France,2025-04-11
C-0473,Halcyon Retail,SMB,EU,Southern Europe,France,2026-04-07
C-0474,Umbra Systems 473,SMB,APAC,Southeast Asia,Singapore,2025-10-03
C-0475,Pied Piper Energy,Mid-Market,APAC,Japan,Japan,2025-10-28
C-0476,Acme Holdings,Enterprise,US,US West,United States,2026-02-28
C-0477,Initech Ltd,Mid-Market,EU,UK & Ireland,United Kingdom,2026-03-02
C-0478,Vertex Financial 477,Enterprise,EU,UK & Ireland,United Kingdom,2025-11-11
C-0479,Wonka S.r.l. 478,SMB,US,US West,United States,2026-03-06
C-0480,Aurora Systems 479,Mid-Market,US,US West,United States,2026-05-24
C-0481,Kestrel Manufacturing 480,Mid-Market,APAC,ANZ,Australia,2026-04-06
C-0482,Zenith Health 481,Mid-Market,APAC,Greater China,China,2024-05-12
C-0483,Lumen Financial 482,Mid-Market,US,US East,United States,2026-04-30
C-0484,Halcyon Pty Ltd 483,Enterprise,EU,Southern Europe,France,2025-01-11
C-0485,Halcyon Energy 484,SMB,EU,UK & Ireland,United Kingdom,2025-02-06
C-0486,Stark Group,Mid-Market,EU,UK & Ireland,United Kingdom,2025-06-07
C-0487,Stark S.r.l.,SMB,EU,Benelux & Nordics,Netherlands,2025-05-07
C-0488,Hooli B.V. 487,Mid-Market,US,US Central,United States,2025-02-03
C-0489,Vertex Health 488,Enterprise,APAC,Greater China,China,2025-06-11
C-0490,Massive Logistics,Enterprise,US,US West,United States,2024-09-06
C-0491,Vandelay Ltd,Mid-Market,US,US East,United States,2025-06-15
C-0492,Cybertron Ltd,Enterprise,APAC,ANZ,Australia,2026-03-31
C-0493,Pied Piper SAS,Mid-Market,APAC,Japan,Japan,2026-03-25
C-0494,Black Mesa Holdings,Enterprise,APAC,Southeast Asia,Singapore,2025-05-05
C-0495,Aperture Financial 494,SMB,APAC,Southeast Asia,Singapore,2026-05-06
C-0496,Aperture Group,Mid-Market,EU,Benelux & Nordics,Netherlands,2026-02-26
C-0497,Stark Analytics,SMB,US,US Central,United States,2024-12-30
C-0498,Slate Financial 497,Mid-Market,US,US East,United States,2026-02-20
C-0499,Vandelay Holdings 498,SMB,US,US West,United States,2024-01-29
C-0500,Halcyon Ltd,Mid-Market,US,US West,United States,2024-03-28
C-0501,Black Mesa Industries,Enterprise,US,US West,United States,2024-04-01
C-0502,Wonka Ltd 501,Enterprise,EU,UK & Ireland,United Kingdom,2026-04-19
C-0503,Wonka Systems,Mid-Market,EU,UK & Ireland,United Kingdom,2025-12-01
C-0504,Vandelay Networks,Enterprise,APAC,Japan,Japan,2026-04-30
C-0505,Initech Networks,SMB,APAC,Greater China,China,2024-01-31
C-0506,Northwind S.r.l. 505,Mid-Market,US,US East,United States,2026-02-24
C-0507,Kestrel S.r.l. 506,Enterprise,EU,DACH,Germany,2024-10-28
C-0508,Acme Media,Mid-Market,APAC,ANZ,Australia,2026-04-06
C-0509,Aperture Group 508,Enterprise,APAC,Japan,Japan,2026-04-13
C-0510,Stark B.V.,SMB,US,US Central,United States,2024-11-04
C-0511,Cybertron Group,Enterprise,US,US East,United States,2025-06-14
C-0512,Cybertron Energy,Enterprise,EU,Benelux & Nordics,Netherlands,2026-02-10
C-0513,Wayne B.V. 512,Mid-Market,US,US East,United States,2026-01-20
C-0514,Cybertron Group 513,Enterprise,EU,UK & Ireland,United Kingdom,2025-10-11
C-0515,Umbra Industries,Enterprise,APAC,Southeast Asia,Singapore,2025-03-23
C-0516,Vandelay Systems,SMB,APAC,Southeast Asia,Singapore,2024-03-02
C-0517,Kestrel Health 516,Mid-Market,EU,UK & Ireland,United Kingdom,2025-07-01
C-0518,Hooli Analytics 517,Enterprise,APAC,Southeast Asia,Singapore,2024-09-16
C-0519,Tyrell Manufacturing 518,SMB,US,US East,United States,2024-10-22
C-0520,Black Mesa Industries 519,Enterprise,APAC,ANZ,Australia,2025-07-16
C-0521,Halcyon Pty Ltd 520,Mid-Market,EU,DACH,Germany,2024-06-16
C-0522,Slate S.r.l. 521,Mid-Market,EU,DACH,Germany,2024-08-14
C-0523,Soylent Group 522,Mid-Market,US,US West,United States,2024-08-13
C-0524,Massive Networks,Enterprise,US,US Central,United States,2024-11-19
C-0525,Meridian Industries,Enterprise,EU,Benelux & Nordics,Netherlands,2024-12-16
C-0526,Umbra Networks 525,Mid-Market,US,US West,United States,2026-03-14
C-0527,Vertex B.V.,SMB,US,US West,United States,2024-08-25
C-0528,Pied Piper Holdings 527,Mid-Market,EU,DACH,Germany,2026-04-07
C-0529,Northwind B.V.,SMB,EU,DACH,Germany,2026-01-17
C-0530,Umbra Labs,Enterprise,APAC,Greater China,China,2024-07-28
C-0531,Abstergo Ltd,SMB,APAC,Japan,Japan,2025-05-30
C-0532,Black Mesa Group,SMB,EU,DACH,Germany,2025-03-01
C-0533,Zenith Holdings,Mid-Market,APAC,Japan,Japan,2024-06-15
C-0534,Umbra Retail 533,Mid-Market,EU,UK & Ireland,United Kingdom,2024-12-21
C-0535,Wayne Labs 534,Enterprise,EU,UK & Ireland,United Kingdom,2024-05-01
C-0536,Vertex Systems 535,SMB,APAC,Greater China,China,2026-03-04
C-0537,Cybertron B.V. 536,Enterprise,EU,UK & Ireland,United Kingdom,2024-12-24
C-0538,Hooli Labs 537,Mid-Market,APAC,Greater China,China,2024-06-27
C-0539,Abstergo SAS,SMB,US,US East,United States,2026-06-17
C-0540,Meridian Financial 539,SMB,US,US Central,United States,2024-05-20
C-0541,Wayne Manufacturing 540,Mid-Market,APAC,ANZ,Australia,2024-10-04
C-0542,Meridian Media 541,SMB,US,US West,United States,2025-12-23
C-0543,Umbra Pty Ltd,Enterprise,APAC,Japan,Japan,2025-09-09
C-0544,Kestrel Manufacturing,Enterprise,US,US Central,United States,2026-05-08
C-0545,Vandelay Financial 544,Mid-Market,EU,Southern Europe,France,2026-01-26
C-0546,Hooli Holdings 545,Enterprise,EU,Southern Europe,France,2025-01-19
C-0547,Oscorp Logistik GmbH 546,Enterprise,EU,UK & Ireland,United Kingdom,2024-10-22
C-0548,Oscorp B.V. 547,SMB,US,US Central,United States,2025-02-28
C-0549,Globex Health 548,SMB,EU,UK & Ireland,United Kingdom,2026-03-10
C-0550,Umbra B.V.,Mid-Market,APAC,ANZ,Australia,2024-10-30
C-0551,Zenith Group 550,SMB,EU,UK & Ireland,United Kingdom,2026-06-24
C-0552,Cybertron Industries 551,Mid-Market,EU,UK & Ireland,United Kingdom,2026-02-18
C-0553,Halcyon Pty Ltd 552,Mid-Market,US,US Central,United States,2024-02-09
C-0554,Hooli B.V. 553,SMB,US,US East,United States,2026-05-26
C-0555,Cybertron Logistics 554,Mid-Market,APAC,Southeast Asia,Singapore,2024-08-24
C-0556,Zenith Media 555,SMB,US,US West,United States,2024-02-17
C-0557,Aperture S.r.l.,Enterprise,EU,DACH,Germany,2024-08-11
C-0558,Northwind Financial 557,SMB,APAC,Southeast Asia,Singapore,2026-03-31
C-0559,Kestrel Ltd,SMB,EU,DACH,Germany,2025-12-22
C-0560,Umbra Logistik GmbH 559,Mid-Market,EU,UK & Ireland,United Kingdom,2024-10-01
C-0561,Meridian Logistics 560,Mid-Market,US,US West,United States,2025-10-11
C-0562,Acme Financial 561,Enterprise,US,US Central,United States,2025-11-23
C-0563,Wonka Group,Mid-Market,EU,UK & Ireland,United Kingdom,2024-05-07
C-0564,Meridian Energy 563,Mid-Market,EU,DACH,Germany,2024-09-17
C-0565,Kestrel Holdings,Mid-Market,EU,Southern Europe,France,2024-06-19
C-0566,Acme Manufacturing 565,SMB,US,US West,United States,2025-04-01
C-0567,Aperture Health,Enterprise,APAC,Southeast Asia,Singapore,2026-01-10
C-0568,Black Mesa Pty Ltd 567,Mid-Market,APAC,ANZ,Australia,2024-06-08
C-0569,Slate Pty Ltd 568,Enterprise,EU,UK & Ireland,United Kingdom,2025-07-30
C-0570,Aperture Health 569,Mid-Market,EU,Southern Europe,France,2025-01-03
C-0571,Cyberdyne Holdings 570,Mid-Market,APAC,Southeast Asia,Singapore,2026-02-20
C-0572,Slate SAS,Mid-Market,EU,Southern Europe,France,2026-03-30
C-0573,Soylent Industries,Mid-Market,APAC,Southeast Asia,Singapore,2024-07-20
C-0574,Umbra Logistik GmbH,Mid-Market,EU,Southern Europe,France,2024-02-11
C-0575,Globex S.r.l.,SMB,US,US West,United States,2025-09-29
C-0576,Stark Retail 575,Enterprise,EU,Benelux & Nordics,Netherlands,2024-04-25
C-0577,Meridian Financial 576,Enterprise,US,US East,United States,2025-06-15
C-0578,Oscorp SAS 577,SMB,APAC,ANZ,Australia,2024-09-20
C-0579,Cybertron Analytics 578,SMB,APAC,ANZ,Australia,2024-08-06
C-0580,Abstergo Pty Ltd 579,SMB,EU,Benelux & Nordics,Netherlands,2025-01-25
C-0581,Acme Pty Ltd 580,Enterprise,APAC,Southeast Asia,Singapore,2025-03-26
C-0582,Stark S.r.l. 581,Mid-Market,APAC,Greater China,China,2026-06-12
C-0583,Soylent Pty Ltd,Mid-Market,EU,Benelux & Nordics,Netherlands,2025-09-14
C-0584,Globex Energy 583,SMB,EU,DACH,Germany,2024-01-08
C-0585,Stark Financial 584,Mid-Market,US,US West,United States,2026-02-01
C-0586,Kestrel Pty Ltd 585,SMB,APAC,Southeast Asia,Singapore,2026-02-04
C-0587,Meridian S.r.l. 586,Enterprise,EU,UK & Ireland,United Kingdom,2024-12-31
C-0588,Massive Ltd 587,Mid-Market,EU,DACH,Germany,2025-07-04
C-0589,Cyberdyne Logistics 588,SMB,EU,DACH,Germany,2024-05-07
C-0590,Vertex S.r.l. 589,Enterprise,US,US East,United States,2025-10-04
C-0591,Soylent Labs 590,Mid-Market,EU,DACH,Germany,2024-05-01
C-0592,Acme B.V. 591,Mid-Market,EU,UK & Ireland,United Kingdom,2025-05-01
C-0593,Oscorp Logistics 592,Enterprise,EU,UK & Ireland,United Kingdom,2026-04-09
C-0594,Halcyon Analytics 593,Enterprise,EU,Benelux & Nordics,Netherlands,2025-05-05
C-0595,Aurora S.r.l. 594,Enterprise,EU,Benelux & Nordics,Netherlands,2025-06-09
C-0596,Kestrel Networks 595,Mid-Market,EU,Southern Europe,France,2025-01-12
C-0597,Initech Analytics 596,SMB,APAC,ANZ,Australia,2024-03-04
C-0598,Oscorp Financial,Mid-Market,US,US East,United States,2026-05-29
C-0599,Globex Media,SMB,EU,UK & Ireland,United Kingdom,2025-07-30
C-0600,Black Mesa Analytics,Mid-Market,EU,Benelux & Nordics,Netherlands,2024-07-16
C-0601,Abstergo S.r.l. 600,SMB,EU,Southern Europe,France,2025-06-22
C-0602,Cybertron Energy 601,Enterprise,US,US East,United States,2025-12-20
C-0603,Slate Labs 602,Mid-Market,EU,UK & Ireland,United Kingdom,2025-04-02
C-0604,Cybertron Pty Ltd,Mid-Market,EU,Southern Europe,France,2024-09-29
C-0605,Tyrell Pty Ltd 604,SMB,EU,Benelux & Nordics,Netherlands,2024-11-18
C-0606,Hooli Networks,SMB,US,US West,United States,2025-12-16
C-0607,Tyrell B.V.,Mid-Market,APAC,Japan,Japan,2026-02-06
C-0608,Oscorp Retail,SMB,APAC,Greater China,China,2024-02-04
C-0609,Hooli Media 608,Enterprise,EU,DACH,Germany,2025-07-17
C-0610,Halcyon Networks,Mid-Market,EU,Southern Europe,France,2025-10-26
C-0611,Zenith Financial 610,Mid-Market,APAC,Japan,Japan,2024-08-31
C-0612,Aurora Retail,Enterprise,EU,UK & Ireland,United Kingdom,2024-10-04
C-0613,Aperture Networks,Mid-Market,EU,Benelux & Nordics,Netherlands,2026-02-26
C-0614,Soylent Systems 613,Mid-Market,US,US West,United States,2025-02-15
C-0615,Kestrel Group 614,Mid-Market,US,US East,United States,2026-03-07
C-0616,Oscorp Ltd,Mid-Market,US,US Central,United States,2024-08-11
C-0617,Globex Health,Mid-Market,APAC,ANZ,Australia,2024-12-30
C-0618,Globex Ltd,Mid-Market,EU,DACH,Germany,2024-11-04
C-0619,Cyberdyne Networks,Enterprise,APAC,Southeast Asia,Singapore,2025-09-28
C-0620,Aperture Media,SMB,EU,Southern Europe,France,2025-11-18
C-0621,Halcyon Retail 620,Enterprise,APAC,ANZ,Australia,2025-09-09
C-0622,Massive Industries,Enterprise,US,US East,United States,2025-02-10
C-0623,Meridian S.r.l.,Enterprise,EU,UK & Ireland,United Kingdom,2025-01-20
C-0624,Acme Ltd,Mid-Market,US,US West,United States,2024-04-10
C-0625,Soylent Retail 624,SMB,EU,DACH,Germany,2025-11-21
C-0626,Slate Financial,Mid-Market,EU,DACH,Germany,2025-07-24
C-0627,Hooli Networks 626,SMB,US,US Central,United States,2025-02-16
C-0628,Abstergo Energy 627,SMB,APAC,ANZ,Australia,2025-04-23
C-0629,Globex B.V. 628,Enterprise,US,US East,United States,2025-01-31
C-0630,Abstergo Holdings 629,SMB,US,US Central,United States,2025-02-24
C-0631,Wonka Ltd 630,Enterprise,APAC,ANZ,Australia,2026-04-14
C-0632,Abstergo Industries 631,Enterprise,APAC,Southeast Asia,Singapore,2024-07-13
C-0633,Initech B.V. 632,Enterprise,US,US Central,United States,2025-04-08
C-0634,Pied Piper Manufacturing,SMB,US,US Central,United States,2026-04-18
C-0635,Kestrel S.r.l.,Mid-Market,EU,DACH,Germany,2026-04-18
C-0636,Black Mesa Pty Ltd,SMB,APAC,Japan,Japan,2024-10-19
C-0637,Abstergo SAS 636,Enterprise,APAC,Greater China,China,2025-11-08
C-0638,Halcyon Manufacturing,SMB,EU,Benelux & Nordics,Netherlands,2026-04-24
C-0639,Abstergo Industries 638,Enterprise,EU,UK & Ireland,United Kingdom,2024-05-01
C-0640,Cyberdyne Financial 639,Mid-Market,EU,DACH,Germany,2025-11-03
C-0641,Wonka Manufacturing,SMB,APAC,Greater China,China,2025-03-15
C-0642,Black Mesa Industries 641,SMB,EU,DACH,Germany,2025-10-08
C-0643,Pied Piper Group 642,Mid-Market,EU,DACH,Germany,2025-05-10
C-0644,Globex B.V. 643,SMB,APAC,ANZ,Australia,2026-04-02
C-0645,Slate Energy 644,Enterprise,APAC,Southeast Asia,Singapore,2026-04-22
C-0646,Zenith Energy 645,Enterprise,EU,DACH,Germany,2024-08-04
C-0647,Zenith Financial 646,Enterprise,APAC,Southeast Asia,Singapore,2026-03-01
C-0648,Wayne Financial 647,Enterprise,APAC,ANZ,Australia,2026-01-01
C-0649,Halcyon Labs 648,Mid-Market,EU,DACH,Germany,2024-02-15
C-0650,Soylent Industries 649,Mid-Market,EU,DACH,Germany,2025-10-20
C-0651,Vertex SAS 650,SMB,US,US Central,United States,2024-07-19
C-0652,Vandelay SAS,Enterprise,US,US West,United States,2026-04-29
C-0653,Oscorp Retail 652,SMB,APAC,Southeast Asia,Singapore,2026-06-25
C-0654,Cyberdyne Financial 653,Mid-Market,APAC,ANZ,Australia,2025-12-18
C-0655,Aperture Analytics 654,Mid-Market,EU,DACH,Germany,2024-12-21
C-0656,Aperture Holdings 655,Enterprise,APAC,Greater China,China,2024-10-29
C-0657,Massive Labs 656,SMB,US,US Central,United States,2025-10-07
C-0658,Aurora Industries 657,Mid-Market,US,US East,United States,2025-03-16
C-0659,Wayne Networks,SMB,EU,Benelux & Nordics,Netherlands,2025-09-19
C-0660,Soylent Health 659,Enterprise,EU,Benelux & Nordics,Netherlands,2024-09-13
C-0661,Hooli SAS 660,Enterprise,EU,Southern Europe,France,2026-04-14
C-0662,Stark SAS 661,Enterprise,EU,DACH,Germany,2024-11-12
C-0663,Tyrell Holdings,Mid-Market,EU,DACH,Germany,2024-10-08
C-0664,Cyberdyne Health,Mid-Market,APAC,Japan,Japan,2025-01-13
C-0665,Abstergo Financial 664,Enterprise,APAC,Japan,Japan,2026-03-05
C-0666,Kestrel Financial 665,Enterprise,US,US East,United States,2025-07-16
C-0667,Vertex Networks,Mid-Market,US,US West,United States,2024-03-31
C-0668,Oscorp Industries 667,Mid-Market,EU,DACH,Germany,2024-05-27
C-0669,Vertex S.r.l. 668,Enterprise,EU,UK & Ireland,United Kingdom,2024-11-24
C-0670,Pied Piper Health 669,Mid-Market,APAC,Greater China,China,2025-09-21
C-0671,Abstergo Systems,Enterprise,EU,DACH,Germany,2024-09-30
C-0672,Acme Energy 671,Mid-Market,EU,Southern Europe,France,2026-02-06
C-0673,Massive Manufacturing 672,Mid-Market,US,US West,United States,2025-05-04
C-0674,Black Mesa Health 673,Mid-Market,EU,DACH,Germany,2024-05-09
C-0675,Slate Ltd 674,SMB,APAC,Japan,Japan,2024-06-22
C-0676,Abstergo B.V.,Mid-Market,APAC,ANZ,Australia,2024-07-13
C-0677,Slate Manufacturing 676,Enterprise,US,US East,United States,2025-12-01
C-0678,Globex Networks 677,SMB,APAC,Greater China,China,2025-08-29
C-0679,Vertex Retail 678,Enterprise,US,US East,United States,2025-07-29
C-0680,Cybertron Ltd 679,SMB,APAC,Southeast Asia,Singapore,2025-09-01
C-0681,Globex Retail 680,SMB,EU,DACH,Germany,2024-01-12
C-0682,Vandelay Manufacturing,SMB,APAC,Southeast Asia,Singapore,2025-08-24
C-0683,Soylent Networks 682,Mid-Market,US,US East,United States,2024-10-20
C-0684,Massive Holdings,Enterprise,US,US East,United States,2025-10-08
C-0685,Tyrell Retail 684,SMB,US,US East,United States,2024-02-24
C-0686,Northwind Logistics,Enterprise,APAC,Southeast Asia,Singapore,2025-12-21
C-0687,Zenith Group 686,Mid-Market,APAC,ANZ,Australia,2025-01-22
C-0688,Cyberdyne Labs,Mid-Market,US,US East,United States,2024-01-28
C-0689,Oscorp B.V.,Mid-Market,APAC,Japan,Japan,2024-05-04
C-0690,Aperture Group 689,SMB,US,US Central,United States,2025-06-12
C-0691,Globex Networks 690,Mid-Market,US,US East,United States,2024-08-10
C-0692,Wonka Media,Enterprise,US,US East,United States,2024-05-20
C-0693,Aperture Retail 692,SMB,EU,Southern Europe,France,2024-01-04
C-0694,Vertex Manufacturing 693,Mid-Market,EU,UK & Ireland,United Kingdom,2026-03-18
C-0695,Hooli B.V. 694,Mid-Market,EU,Benelux & Nordics,Netherlands,2025-04-17
C-0696,Stark Pty Ltd 695,Enterprise,APAC,Greater China,China,2025-09-17
C-0697,Tyrell S.r.l. 696,Mid-Market,EU,Southern Europe,France,2025-08-06
C-0698,Black Mesa Media,Mid-Market,US,US West,United States,2026-05-01
C-0699,Wonka Group 698,Enterprise,US,US Central,United States,2025-01-16
C-0700,Hooli Logistics 699,SMB,EU,UK & Ireland,United Kingdom,2024-06-14
C-0701,Northwind S.r.l.,SMB,EU,Southern Europe,France,2026-01-30
C-0702,Slate Media 701,Mid-Market,EU,DACH,Germany,2025-05-24
C-0703,Halcyon SAS 702,SMB,EU,DACH,Germany,2024-10-22
C-0704,Kestrel Media 703,Enterprise,US,US West,United States,2025-08-24
C-0705,Kestrel Industries,Enterprise,APAC,Southeast Asia,Singapore,2024-11-08
C-0706,Black Mesa Analytics 705,Enterprise,APAC,Japan,Japan,2025-04-29
C-0707,Stark Networks,SMB,APAC,ANZ,Australia,2026-03-29
C-0708,Globex Analytics 707,Mid-Market,EU,DACH,Germany,2025-09-11
C-0709,Kestrel Health 708,SMB,EU,Southern Europe,France,2025-02-01
C-0710,Kestrel Health 709,Mid-Market,US,US East,United States,2024-10-02
C-0711,Stark Logistics 710,SMB,US,US Central,United States,2025-02-03
C-0712,Soylent Logistik GmbH 711,Mid-Market,EU,Southern Europe,France,2024-04-15
C-0713,Wayne Manufacturing 712,SMB,US,US Central,United States,2024-04-12
C-0714,Northwind Retail 713,Mid-Market,US,US West,United States,2026-05-05
C-0715,Umbra Logistik GmbH 714,Enterprise,EU,UK & Ireland,United Kingdom,2025-10-14
C-0716,Umbra Industries 715,SMB,APAC,Southeast Asia,Singapore,2024-05-17
C-0717,Pied Piper SAS 716,Mid-Market,US,US East,United States,2026-06-13
C-0718,Vandelay Group 717,Mid-Market,APAC,Southeast Asia,Singapore,2026-02-25
C-0719,Hooli Networks 718,SMB,APAC,Southeast Asia,Singapore,2025-03-11
C-0720,Wayne Health 719,SMB,US,US West,United States,2026-03-25
C-0721,Lumen Industries,SMB,APAC,Southeast Asia,Singapore,2024-06-10
C-0722,Cyberdyne Logistik GmbH 721,Enterprise,US,US East,United States,2025-01-26
C-0723,Acme Energy,SMB,EU,UK & Ireland,United Kingdom,2024-02-10
C-0724,Aperture Energy 723,SMB,EU,DACH,Germany,2024-01-14
C-0725,Vandelay Retail 724,Mid-Market,EU,Southern Europe,France,2025-07-20
C-0726,Aperture Labs 725,SMB,EU,DACH,Germany,2024-03-05
C-0727,Wayne Holdings 726,Mid-Market,EU,UK & Ireland,United Kingdom,2026-04-04
C-0728,Vertex Energy,Enterprise,EU,DACH,Germany,2026-06-23
C-0729,Vandelay Industries 728,Mid-Market,US,US East,United States,2024-03-12
C-0730,Initech Networks 729,SMB,US,US West,United States,2026-01-13
C-0731,Northwind Systems,Enterprise,EU,DACH,Germany,2025-07-30
C-0732,Aurora Ltd 731,Enterprise,APAC,Japan,Japan,2024-10-19
C-0733,Wonka Retail 732,Mid-Market,EU,UK & Ireland,United Kingdom,2024-06-25
C-0734,Vandelay Systems 733,SMB,US,US West,United States,2024-01-31
C-0735,Aurora B.V. 734,SMB,US,US Central,United States,2026-02-05
C-0736,Wonka Manufacturing 735,Mid-Market,EU,Benelux & Nordics,Netherlands,2026-05-10
C-0737,Kestrel Logistik GmbH 736,SMB,EU,DACH,Germany,2025-10-28
C-0738,Slate Logistics 737,Mid-Market,EU,DACH,Germany,2024-09-21
C-0739,Aurora Logistik GmbH 738,Enterprise,US,US Central,United States,2025-09-18
C-0740,Wayne Pty Ltd 739,SMB,APAC,ANZ,Australia,2024-11-23
C-0741,Zenith Logistik GmbH 740,Mid-Market,APAC,Greater China,China,2024-04-13
C-0742,Lumen Ltd,Enterprise,US,US Central,United States,2026-04-04
C-0743,Globex S.r.l. 742,SMB,US,US Central,United States,2024-08-31
C-0744,Black Mesa Holdings 743,SMB,US,US East,United States,2024-04-26
C-0745,Cyberdyne Retail 744,SMB,APAC,Southeast Asia,Singapore,2026-03-11
C-0746,Halcyon Ltd 745,Enterprise,US,US West,United States,2025-01-15
C-0747,Meridian B.V. 746,Enterprise,APAC,Greater China,China,2026-02-17
C-0748,Meridian SAS 747,Mid-Market,APAC,Southeast Asia,Singapore,2025-12-17
C-0749,Umbra Ltd,Mid-Market,EU,DACH,Germany,2025-05-24
C-0750,Initech Labs 749,Enterprise,US,US Central,United States,2024-11-23
C-0751,Lumen Logistics 750,Mid-Market,US,US West,United States,2025-03-29
C-0752,Initech SAS 751,SMB,EU,Benelux & Nordics,Netherlands,2025-05-12
C-0753,Cybertron Networks 752,Mid-Market,APAC,ANZ,Australia,2025-08-10
C-0754,Aurora Pty Ltd 753,Mid-Market,EU,DACH,Germany,2025-04-23
C-0755,Soylent Group 754,Enterprise,EU,Benelux & Nordics,Netherlands,2025-04-29
C-0756,Lumen Group 755,SMB,US,US West,United States,2025-04-16
C-0757,Cybertron Systems,Mid-Market,EU,Southern Europe,France,2024-09-03
C-0758,Lumen Holdings 757,Mid-Market,EU,Benelux & Nordics,Netherlands,2026-02-04
C-0759,Hooli S.r.l. 758,Mid-Market,EU,UK & Ireland,United Kingdom,2024-08-23
C-0760,Globex Energy 759,Mid-Market,EU,Southern Europe,France,2026-05-28
C-0761,Zenith Financial 760,SMB,US,US West,United States,2024-07-04
C-0762,Aperture Financial 761,Enterprise,EU,Benelux & Nordics,Netherlands,2025-07-07
C-0763,Zenith B.V. 762,Mid-Market,APAC,ANZ,Australia,2024-10-19
C-0764,Slate Logistik GmbH 763,Mid-Market,APAC,Greater China,China,2025-11-09
C-0765,Stark Retail 764,Enterprise,US,US East,United States,2024-11-22
C-0766,Aperture Manufacturing,Enterprise,EU,DACH,Germany,2025-09-29
C-0767,Black Mesa Ltd,Enterprise,US,US East,United States,2025-03-09
C-0768,Black Mesa Manufacturing 767,SMB,EU,DACH,Germany,2026-02-25
C-0769,Lumen Manufacturing 768,Mid-Market,US,US West,United States,2025-09-17
C-0770,Wayne Networks 769,SMB,EU,UK & Ireland,United Kingdom,2025-10-08
C-0771,Slate Logistik GmbH 770,Mid-Market,EU,UK & Ireland,United Kingdom,2024-08-31
C-0772,Cyberdyne Industries,Enterprise,EU,DACH,Germany,2025-11-15
C-0773,Northwind S.r.l. 772,Mid-Market,US,US East,United States,2024-08-01
C-0774,Pied Piper Industries,SMB,US,US East,United States,2025-05-19
C-0775,Wonka Energy,Mid-Market,US,US East,United States,2026-01-28
C-0776,Northwind Health,Mid-Market,EU,Southern Europe,France,2026-06-26
C-0777,Aperture B.V.,SMB,EU,UK & Ireland,United Kingdom,2025-07-22
C-0778,Initech Systems 777,Enterprise,US,US West,United States,2025-03-25
C-0779,Hooli Holdings 778,SMB,EU,DACH,Germany,2026-06-29
C-0780,Wonka Financial,Mid-Market,EU,DACH,Germany,2024-03-28
C-0781,Pied Piper Group,Mid-Market,APAC,Greater China,China,2025-08-12
C-0782,Zenith Group 781,Enterprise,EU,Benelux & Nordics,Netherlands,2025-12-28
C-0783,Stark SAS 782,Enterprise,US,US Central,United States,2026-01-04
C-0784,Lumen Labs 783,SMB,US,US Central,United States,2025-09-13
C-0785,Pied Piper Systems,Mid-Market,US,US East,United States,2025-12-24
C-0786,Globex Systems 785,Enterprise,APAC,ANZ,Australia,2026-05-23
C-0787,Lumen Analytics 786,SMB,US,US West,United States,2025-06-18
C-0788,Vertex Financial 787,Enterprise,EU,UK & Ireland,United Kingdom,2025-12-14
C-0789,Northwind Networks 788,Mid-Market,APAC,Greater China,China,2024-07-28
C-0790,Vandelay B.V. 789,SMB,EU,UK & Ireland,United Kingdom,2025-09-26
C-0791,Aurora Financial 790,Mid-Market,US,US West,United States,2025-01-05
C-0792,Massive Ltd 791,SMB,EU,Benelux & Nordics,Netherlands,2025-08-06
C-0793,Tyrell Media 792,Mid-Market,US,US East,United States,2026-03-21
C-0794,Vandelay Group 793,Mid-Market,APAC,ANZ,Australia,2024-08-06
C-0795,Black Mesa Networks 794,Mid-Market,EU,DACH,Germany,2024-01-03
C-0796,Tyrell Logistics 795,Mid-Market,APAC,Southeast Asia,Singapore,2025-11-09
C-0797,Wayne SAS 796,Enterprise,US,US Central,United States,2025-03-07
C-0798,Black Mesa Ltd 797,Mid-Market,EU,Southern Europe,France,2026-04-02
C-0799,Wonka Group 798,SMB,APAC,Japan,Japan,2024-09-03
C-0800,Meridian Pty Ltd 799,SMB,US,US Central,United States,2025-03-28
